{"text": " \uad6c\uae00\uc5d0 \ub538\uae30\ucc1c \uac80\uc0c9\ud574\uc918", "segments": [{"id": 0, "seek": 0, "start": 0.0, "end": 4.0, "text": " \uad6c\uae00\uc5d0 \ub538\uae30\ucc1c \uac80\uc0c9\ud574\uc918", "tokens": [50364, 15197, 28311, 1517, 7378, 116, 2401, 5786, 250, 20282, 15554, 44487, 246, 50564], "temperature": 0.0, "avg_logprob": -0.3974657376607259, "compression_ratio": 0.7441860465116279, "no_speech_prob": 0.12674902379512787}], "language": "ko"}