{"text": " MapleStory \uc1fc\ucf00\uc774\uc2a4", "segments": [{"id": 0, "seek": 0, "start": 0.0, "end": 2.0, "text": " MapleStory \uc1fc\ucf00\uc774\uc2a4", "tokens": [50364, 47604, 4520, 827, 451, 229, 120, 36940, 28334, 50464], "temperature": 0.0, "avg_logprob": -0.6517158421603116, "compression_ratio": 0.71875, "no_speech_prob": 0.2411135733127594}], "language": "ko"}