{"text": " \uc720\ud29c\ube0c \uac80\uc0c9\ud574\uc918", "segments": [{"id": 0, "seek": 0, "start": 0.0, "end": 2.0, "text": " \uc720\ud29c\ube0c \uac80\uc0c9\ud574\uc918", "tokens": [50364, 39163, 21934, 20282, 15554, 44487, 246, 50464], "temperature": 0.0, "avg_logprob": -0.32940692371792263, "compression_ratio": 0.6666666666666666, "no_speech_prob": 0.14267206192016602}], "language": "ko"}