{"text": " \ub864\ub780\ub4dc \ubc84\uc2a4\uc758 5\uc77c \ub4f1", "segments": [{"id": 0, "seek": 0, "start": 0.0, "end": 2.0, "text": " \ub864\ub780\ub4dc \ubc84\uc2a4\uc758 5\uc77c \ub4f1", "tokens": [50364, 531, 94, 2990, 252, 2366, 7087, 22076, 7785, 2785, 1025, 6403, 15722, 50464], "temperature": 0.0, "avg_logprob": -0.5796072006225585, "compression_ratio": 0.717948717948718, "no_speech_prob": 0.2628803849220276}], "language": "ko"}