{"text": " \uc548\ub155\ud558\uc138\uc6a9", "segments": [{"id": 0, "seek": 0, "start": 0.0, "end": 2.0, "text": " \uc548\ub155\ud558\uc138\uc6a9", "tokens": [50364, 13810, 2240, 5762, 8761, 50464], "temperature": 0.0, "avg_logprob": -0.5832089015415737, "compression_ratio": 0.625, "no_speech_prob": 0.104294553399086}], "language": "ko"}