{"text": " \uc720\ub9ac\uad6c\uc2ac", "segments": [{"id": 0, "seek": 0, "start": 0.0, "end": 2.0, "text": " \uc720\ub9ac\uad6c\uc2ac", "tokens": [50364, 22262, 2250, 7675, 44532, 50464], "temperature": 0.0, "avg_logprob": -0.48977204731532503, "compression_ratio": 0.5714285714285714, "no_speech_prob": 0.18240003287792206}], "language": "ko"}